1rjcorde, Richard,  Cordero, Durand-Wayland, Inc., wendya@durand-wayland.com, 
1sbd, Brad, Dawson, 1st Street Business Dev, brad@1sbd.com, 
a.oostendorp, A., Oostendorp-Liet, , a.oostendorp@imn.nl, 
aallstar, Scott, Asahina, Aall STAR FInancial Japan K.K., sasahina@aall-star.com, 
aaron.sanders, Aaron, Sanders, NVal, as@nvalsolutions.com, 
aastor, Andrew, Astor, EnterpriseDB, andy@enterprisedb.com, 
abcsearch, Daniel, Yomtobian, ABCSearch.com, simon@abcsearch.com, 
abesco, Sandy, McCarthy, , achaudhry@sugarcrm.com, 
abiardo, Alex, Biardo, , alex.biardo@techadv.com, 
ablafferjr, Arthur, Laffer, Laffer Associates, ablafferjr@laffer.com, 
achaudhry, Anil, Chaudhry, SugarCRM, achaudhry@sugarcrm.com, 
actioncoachuk, Paul, Smith, Focus Coaching & Consulting Ltd, paulsmith@actioncoach.com, 
actioncrm, Christian, Pineau, CRM Consultants, chrispineau@actioncrm.com, 
ACTIVEBUSINESS, ACTIVE, BUSINESS, , sugar@synolia.com, 
ACWacker, Andreas, Wacker, , wacker@considion.com, 
adamboalt1, Adam, Boalt, , info@boalt.com, 
adele, Adele, , , adele@imcanadian.net, 
adi, Daniel, Temby, ADI, temby@netspace.net.au, 
adminverstyle, Allan, Ezri, Versatyle Test Corporation, allane@versatyle.com, 
adolleschal, Andreas, Dolleschal, Developer AT GmbH., office@developer.at, 
adouthit, Allan, Douthit, Enterprise Information Systems, Inc., adouthit@eis-sys.com, 
adsonwheels, christopher, dyson, Ads On Wheels, justin@adsonwheels.com, 
aduffy, Alan, Duffy, Eurotext Translations, alan@eurotext.ie, 
adventim, Julia, McCarron, Advent IM Ltd, julia.mccarron@advent-im.co.uk, 
aessa, Alfred, Essa, , aessa@mit.edu, 
affant, Sinnary, Sam, , sinnary@affant.com, 
agnie, agnie, , , sakai.t@agnieconsulting.com, 
AirangelC, Chris, Airey, Airangel, chris.airey@airangel.com, 
AITS, David, Mills, , anil@sugarcrm.com, 
AITSADMIN, Anne, Bergl, , anne.bergl@modulus-inc.com, 
ajsmith, AJ, Smith, , asmith@outdare.nl, 
alaphoid, Jon, Schneider, , jon@advantecsystems.ca, 
alcalans, Joan-Llorenç, Alba-Villegas, Informatica Alcalans, joanalba@gmail.com, 
alchemycrm, Jennifer, Guerin, ALCHEMY, guerin@alchemy.fr, 
alex_vara, alex, värä, , sasha@simmis.fi, 
Alfresco, Matt, Asay, Alfresco Software, matt.asay@alfresco.org, 
allen_kymaco, Allen, , , m.allen@kymaco.com, 
allmobile, Marianne, Kistler, allmobile.com AG, mail@allmobile.com, 
ameriair, Laura, Riera, , l.ried@comcast.net, 
amgrecords, Matthew, Allen, , info@amgrecords.co.uk, 
amie2test, amie, doolittle, my company, adoolittle@gmail.com, 
amietesting, amie, doolittle, my company, amiedoo@aol.com, 
amietesting123, Amie, Doolittle, sugartesting, adoolittle@sugarcrm.com, 
andersonnz, Rex, Anderson, Andersons, rex@andersons.co.nz, 
andrew.currie, Andrew, Currie, , andrew.currie@gmail.com, 
andrewgrow, Andrew, Grow, , a.grow@innovasia.com, 
Andria, Andria, Gutierrez, , agutierrez@TahoeDonner.com, 
angela.wong.ojotech, Angela, Wong, Ojo Technology, idken@pacbell.net, 
anshulsadana, Anshul, Sadana, Arista Networks, asadana@aristanetworks.com, 
antdek, antoine, , , ak@esearchvision.com, 
anttim, Antti, Mäkinen, , antti.makinen@failover.net, 
apcon123, Dawn, Eleen, APCON, Inc., dawn@canby.com, 
apockrandt, A.Pockrandt, , , apockrandt@phalanx-advisors.com, 
appliedtns, Jose, Ibarra, Applied Telephone and Network Solutions, LLC, support@appliedtns.com, 
APRILWAF, APRIL, WEB, , sugar@synolia.com, 
aptela, Howard, Freidman, , howard@aptela.com, 
aratro, UTTSCHEID, EMMANUEL, ARATRO, uttscheid@aratro.net, 
argmac, Arturo, González, , arturog@eurobits.es, 
arodriguez, Albert, Rodriguez, , arodriguez@voipamericas.com, 
ascend, Majid,   Seraj, Ascend Pharmaceuticals, mseraj@gmail.com, 
ascentsjs, Steven, Spry, Ascent Media Group, sspry@sugarcrm.com, 
Ascone, Darren, , , dascone@trenddepot.com, 
ashok123, Ashok, Pandey, , deepak@lifetreeindia.com, 
ashok567, MAshokKumar, , , ashok.kumar@dreamtekis.com, 
asoeteber, Angela, Soeteber, Energy Market Company, helpdesk@emcsg.com, 
aspiritus, Greg, Young, Aspiritus N.V., sugar@aspiritus.com, 
AssuranceData, Matthew, Morrison, Assurance Data, Accounting@AssuranceData.com, 
asw, Matt, Atkinson, , matt@asw.com, 
Asynchrony, Matthew, Perry, Asynchrony, matthew.perry@asolutions.com, 
atgadmin, Michael, Tissier, Cambridge Online Systems Ltd, atgadmin@cosl.co.uk, 
AXXES, AXXES, , , sugar@synolia.com, 
axxonsoft, carlos, angeles, Axxonsoft EMEA SL, carlos.angeles@axxonsoft.com, 
Bajaj, manoj, Tiwari, MetriKus, manoj@metrikus.com, 
barake, Barak, Eisenstein, StartForex, Barak.eisenstein@gmail.com, 
bbalke, Ben, Balke, , Ben.Balke@Optigram.com, 
bbyn, Boubyan, Bank, , kkhalaf@bankboubyan.com, 
bcharles, Beth, Charles, Observatory Group LLC, bcharles@observatorygroup.com, 
bdeptula, bryan, deptula, , bdeptula@studentcity.com, 
bdesmith, Brian, Smith, , brian.smith@brssystems.com, 
Beiden, Fabien, Lanselle, LANSELLE CONSULTING, admin@neoweb.fr, 
belrick, Bill, Elrick, , belrick@propay.com, 
benf, Ben, Fewtrell, Business Coaching Sydney, benfewtrell@actioncoach.com, 
Benjamin Ezra, Oren,  Ezra, OD International, Inc, oren@odinternational.com, 
Benji_au, Benjamin, Lindsay, City Networks, blindsay@citynetworks.com.au, 
benoitdahan, Dahan, , , benoit.dahan@exelware.com, 
beringerrj, Bob, Beringer, EOR, bob@eor.us, 
bettergen, Toby, Hammond, , toby@bettergeneration.com, 
bfunchion, Bill, Funchion, , bfunchion@mktadv.com, 
bhauert, Bob, Hauert, , bhauert@hotmail.com, 
bhupinder, Bhupinder, Singh, , garry_bs@yahoo.co.uk, 
BIORIUS01, Rudi, LAURENT, BIORIUS, rudi@biorius.com, 
bitsinglass, David, Hauser, Bits In Glass Inc., sysadmin@bitsinglass.com, 
bitworxxCRM, Dr., Markus Müller, bitworxx GmbH, mm@bitworxx.com, 
bjames, Bryce, James, Smart Portfolios LLC, bjames@smartportfolios.com, 
bjsteiger, Brandon, Steiger, , info@synergema.com, 
blackland, John, (BJ), Power Efficiency Corporation, blackland@powerefficiency.com, 
bmason, Bill, Mason, , bmason@enterprisedb.com, 
bmauldin65, Brad, Mauldin, The Salem Web Network, brad@salemweb.net, 
bmcclain, Bob, McClain, Atlantic/Smith, Cropper & Deeley, bmcclain@ascd.net, 
bmi_jflowers, John, Flowers, Flowers Vision Institute, jflowers@flowersvision.com, 
Bobbie Ginsberg, John, Hyde, Fox Chase Cancer Center, Viola.Crawford@fccc.edu, 
Bogdan, Bogdan, Smolski, , smolski@orange.pl, 
bogdansuryn, Bogdan, Suryn, Osrodek Doradztwa i Treningu Kierowniczego Spoldzielnia, bogdansuryn@oditk.com.pl, 
bogey63, Juergen, , , info@filmanufactur.de, 
bolson, Barry, Olson, QStrat, support@qstrat.com, 
borderware, Raj, Gassanov, Borderware Technologies Inc., rgassanov@borderware.com, 
boss, Anders, Henriksson, , ah@sbbs.nu, 
bp8163, Bryan, Paulk, , bpaulk@myluminary.com, 
BradP, Brad, Patrick, Wikimedia Foundation Inc., bpatrick@wikimedia.org, 
brady, Brady, Frost, CPN International Inc., brady.frost@cpninternational.com, 
Brave08, Andrew, VanDeVen, Brave Energy Pty Ltd, avandeven@braveenergy.com.au, 
brethansen, Bret, Hansen, , bret.hansen@sungardhe.com, 
bretweinraub, Bret, Weinraub, , bretweinraub@yahoo.com, 
Brokit, Elmar, Schumacher, , elmar.schumacher@gambit.de, 
brown_er, Eric, Brown, Light Design Center, eb_online@hotmail.com, 
brucenstewart, Bruce, Stewart, Cheltenham Induction Heating, bstewart@ameritherm.com, 
Brumberg, Ralph, Michael Wirth, Brumberg Leuchten GmbH & Co. KG, wirth@brumberg.com, 
Bruno_von_Rotz, Thomas, Lundqvist, Optaros, it@optaros.com, 
bsl, Hennus, Bergman, , hennus@brightside.nl, 
bstewart, Bruce, N, , bstewart@ameritherm.com, 
btelligent, Sonja, Krause, b.telligent, sonja.krause@btelligent.com, 
Bueltel, Bryan, , , bbueltel@columbiaerd.com, 
bunkahosocp, bunkahosocp, , , ogawa@careerpartners.co.jp, 
Burnett, Corey, Burnett, ECDS, LLC, cburnett@ecdeliverysystems.com, 
bzaveri, Bhavesh, Zaveri, , bzaveri@wazatechnology.com, 
c.haarmeijer, C.Haarmeijer, , , c.haarmeijer@re-lion.com, 
c.nab, Charissa, Nab, , secretariaat-ic@imn.nl, 
c4l, Mathew, Hawkins, C4L, support@c4l.co.uk, 
caal1963, alfonso, capasso, , caal63@tiscali.it, 
caal63, alfonso, capasso, , caal63@tiscali.it, 
CacheLogic, CacheLogic, , , sysadmin@cachelogic.com, 
cademichaels, Cade, Michaels, , cade@activedebt.com, 
callista, Barry, Campbell, Callista Software Services, scrd@callista.com.au, 
canonsol, canon-sol, ykato, Canon System Solutions Inc., kato.yoshiki@canon-sol.co.jp, 
CAPS ENTREPRISE, CAPS, ENTREPRISE, , capsentreprise@synolia.com, 
carebrains2, OpensourceCRM,, Inc., OpensourceCRM, Inc., oscadmin@osscrm.com, 
carlosdiaz, Carlos, Diaz, , carlos@bluekiwi-software.com, 
carmine, Carmine, Tiano, , carmine@nerdsonsite.com, 
cashoefman, Cas, Hoefman, XO-Interactive, cas.hoefman@xo.com, 
Caspers, Hans, Caspers, Semilo, hans@semilo.nl, 
catfossapf, Andrew, Foreman, Catfoss Building Services, faaiz@pyrspective.com, 
ccanonne@momindum.com, Christophe, Canonne, Momindum Inc, ccanonne@momindum.com, 
ccook@addtronics.net, Casey, Cook, C W Cook, Inc., ccook@addtronics.net, 
celergynetworks, Kimberly, Brabec, Celergy Networks, Inc., kbrabec@celergyc.om, 
Centurio, Michael, Duffy, Centurio CRM Ltd, michael.duffy@centuriocrm.se, 
Certus, Greg, Stiavetti, Certus Software, Inc., it@certus.com, 
cfrench, Steve, Long, , jbrown@uloft.com, 
charkleroad, Carl, Harkleroad, Latitude Software, kevin@debtsoftware.com, 
choerske, Chris, Hoerske, Drexel Chemical Co., choerske@gmail.com, 
christopher_eckert, Christopher, Eckert, Avail Media, Inc., ceckert@availmedia.com, 
cits, Stephen, Cimarelli, Cimarelli IT Services Pty Ltd, stephen@cimarelli.biz, 
ClaireMcCafferty, Claire, McCafferty, , cmccafferty@lbm.co.uk, 
ClaraviewClaraview, Claraview, , , sanjay.bhamoo@claraview.com, 
claudius139, Claude, Turcot, Quebecor MediaPages, yves.sicard@pagesmedia.ca, 
clickposcrm, OZKAN, SAHIN, CLICKPOS PTY LTD, accounts@clickpos.com, 
cmicmi, Elaine, Mendoza, Conceptual MindWorks, Inc., mdelossantos@teamcmi.com, 
CnxApps, Concentrix, Apps, , cnx_gas@concentrix.com, 
cognolink, Bruno, Zarokian, CognoLink Ltd, bz@cognolink.com, 
ColinKrysalis, Colin, Simmons, , colin@krysalis.co.uk, 
COMPAGNIEFERMIEREVICHY, COMPAGNIE, FERMIERE, , sugar@synolia.com, 
comspace, comspace, , , support@comspace.de, 
connoti, Timothy, Connolly, , timothy.connolly@gmail.com, 
corebumpers, Dan, Casler, CORE Bumpers INc., casler@corebumpers.com, 
coughlin, michael, , , michael_coughlin@msn.com, 
CPN, David, , CPN International, david.harris@cpninternational.com, 
CraigParker, Craig, Parker, , craig@sugarcrm.com, 
crawfordcody, Cody, Crawford, Movero Technology, crawford@moverotech.com, 
createhosting, John, McStay, , john@createhosting.co.nz, 
crichardson, Corey, Richardson, Medfusion, cricahrdson@medfusion.net, 
crichmond, Claudine, Richmond, LocalToolbox, crichmond@localtoolbox.com, 
cristiano.magro, Umberto, Di Benedetto, VOLA SpA, cristiano.magro@vola.it, 
crmpro, CELINE, MAILLE, CAPGEMINI TELECOM MEDIA DEFENSE, celine.maille@capgemini.com, 
crmrussia, Vladimir, Karagioz, Karagioz, crmrussia@gmail.com, 
cs2_sugar, Alain, Veuve, CS2-Creative Solutions GmbH, alain.veuve@cs2.ch, 
csis, csis, , , yamashita@csi.co.jp, 
CTC, Lisa, St George, Control Technology Corporation, Lisa@ctc-control.com, 
ctierneyaction, Chris, Tierney, , chris@supportcentric.com, 
currydm, Dean, Curry, , currydm@gmail.com, 
cybermed, Evan, Caulfield, Cybermed Marketing, Inc., EvanC@CybermedMarketing.com, 
cynthia2006, Cynthia, baker, , Cynthia@sendvn.com, 
czkiss, Csaba, Kiss, Elmib ZRt. - MIcrosegment, czkiss@gmail.com, 
Daedalus, Azita, Sharif, , ASharif@daedalussoftware.com, 
dandell123, MARIA, ABREGO, DANZIGER & DELLANO, yvette@dandell.com, 
daniel_poplawski@shi.com, Software, House, SHI, daniel_poplawski@shi.com, 
Datalogics, Tony, Polad, Datalogics Pty Ltd, tonypolad@datalogics.com.au, 
datasync, Mike, Vetter, Data Sync, kelly@vettersolutions.net, 
Davidchina, David, Bill, , davidbill@china-office.biz, 
davideike, David, Eike, , david.eike@fox.com, 
dbieberstein, Daniel, Bieberstein, , d.bieberstein@intercem.de, 
dbounds, David, Bounds, simplifyMD, dbounds@simplifymd.com, 
dcarwile, Douglas, Carwile, , webtools.trader@gmail.com, 
dcsjb, James, Brown, Desktop Consulting Services, jbrown@dcs-mi.com, 
ddaniel, Daniel, Sternbergh, , dsternbergh@spikesource.com, 
ddolan, Dan, Dolan, 4D Technologies, ddolan@4dtechnologies.net, 
DealMavenCRM, Deal, Maven, , anil@sugarcrm.com, 
dean1, Twiddly, Do, , dean@sugarcrm.com, 
deanwar, Tom, Jefferson, , dean@sugarcrm.com, 
deeszczesny57, Deepali, Mittal, Deepali Corp, deepali@sugarcrm.com, 
dennisg, dennis, , , dennis@morleyestates.co.uk, 
derekyoo, Derek, Yoo, Thinking Phone Networks, derek@thinkingphones.com, 
deuzzi, Gotte, Franck, Deuzzi, fgotte@wanadoo.fr, 
devans@soundpath.net, Dagny, Evans, Soundpath Conferencing, devans@soundpath.net, 
dfbai, David, Friedman, , d.friedman@calltrol.com, 
dfrank, Douglas, Frank, Elite Meetings Inc., support@elitemeetings.com, 
dfremont, didier, fremont, , sugarcrm@invisible-link.com, 
dfritsch, Daniel, Fritsch, App-Techs. Corporation, danfsr@app-techs.com, 
dhogmire, Doug, Hogmire, Resite Online, tanni.mannan@resiteonline.com, 
digitalmedicsgmbh, Pedram, Hadjian, , hadjian@digitalmedics.de, 
dimitrit, Dimitri, Tischenko, , dimitri@proteon.nl, 
dincerg, Dincer, Genc, ETCBASE Yazilim, dincer.genc@etcbase.com, 
dirkdinnewet, Dirk, Dinnewet, Multiplies bvba, dirk@multiplies.be, 
discoverymediagroup1, Kim, Jones, Discovery Media Group, kjones@discoverymediagroup.com, 
dlalonde, Debra, Lalonde, Interalia, dlalonde@interalia.com, 
DMadrigal, Darin, Madrigal, , dm@bbi.com, 
dokeya, David, Okeya, , dokeya@rootcon.com, 
donfrank, Don, Frank, , frank@opentech.biz, 
dpalmer, Duane, Palmer, Vital Records, dplamer@vcroftn.com, 
dpercy, Daniel, Percy, Diverse Computing, dpercy@divesecomputing.com, 
drodriguez.cleartic, David, Rodriguez Vidal, cleartic, drodriguez@cleartic.com, 
drtrembath, Robert, Trembath, Root Consulting, Inc, robert@rootcon.com, 
dsamuels, David, Samuels, , david@thesamuels.net, 
dschulenberg, Dara, Schulenberg, , dschulenberg@ittoolbox.com, 
dsinternational, David, Swanson, DS International Inc, ceo@burnhydrogen.com, 
dsnewsmag, Codey, Whitt, , admin@dsnews.com, 
duwamish, Mirco, Müller, SBk Consulting Team, mirco.mueller@itc-mm.de, 
DVSL, David, Thorne, Demux, info@demux.co.uk, 
dwongsugarcrm, Donald, Wong, , dwong@sugarcrm.com, 
dyatchesen, Diego, Yatchesen, , dyatchesen@puentenet.com, 
eabinau, Eric, Binau, , mike@cultivatesystems.com, jr@cultivatesystems.com, 
earthsite, Joey, Shepp, , info@earthsite.net, 
ebit, Frederik, Santens, Fit IT, frederik.santens@ebit.be, 
ebonnefond, BONNEFOND, Emmanuel, INFINY LINK, contact@infinylink.com, 
ecactive, Andrew, Duck, ecactive pty ltd, andrew.duck@ecactive.com, 
ecomplexx, Klaus, Oberlehner, ecom internet technology GmbH ecomplexx.Austria, operations@complexx.com, 
ecotic, Joel, De, ECOTIC, yves_dufour@ecotic.fr, 
edesugar, Shawna, Saad, Iowa State University, ssaad@iastate.edu, 
edsaz, john, principale, Express Digital Solutions, johnp@edsaz.com, 
effectivemeasure, Scott, Julian, Effective Measure, scott.julian@effectivemeasure.com, 
effnorwood, Eff, Norwood, Gluster, Inc., eff@gluster.com, 
egalli, Enzo, Galli, , enzo.galli@infopac.com, 
eggsurplus, Jason, Eggers, , eggsurplus@eggsurplus.com, 
ehold, Edwin, Heinlein, , bart@outdare.nl, 
Eiken, Eirik, Vold, , eirik@vold.net, 
ejackson, Edward, Jackson, , ej@provade.com, 
eleve, Emma, , , eleve@concrete-equipements.fr, 
emoncrief, Ebony, MonCreif, , emoncrief@ittoolbox.com, 
emphasis1, Jason, , , jforth@gmail.com, 
emtaylor, Emilio, Taylor, , emillion@emilliondreamz.org, 
enthusiast, Paul, Ekstrand, Enthusiast, Inc., pe@enthusiastinc.com, 
EntryP, Yaron, Peled, , yaron@entrypoint.biz, 
epik1, Epik, Networks, Epik Networks, sugarcrm@epikip.net, 
Eric Keyser, Eric, Keyser, iDevFactory, eric@idevfactory.com, 
erik.schwalbe, Erik, Schwalbe, Canoo Engineering AG, erik.schwalbe@canoo.com, 
estat, Rioual, , , lr@estat.com, 
etvel, Brent, , , bjohnson@rpstechnology.com, 
eurocrmlu, euroscript, , , m.hoffmann@genius4u.de, 
evaluaplus, Andrew, Rouchotas, Cartika IT Solutions Inc, terri.jackson@evaluaplus.com, 
Evolving Technology Solutions, Steve, Crough, , steve.crough@evolvingtechnology.com.au, 
excentos, Ole, Tangermann, excentos GmbH, buchhaltung@excentos.de, 
ExperianQAS_1, Jennifer, Levin, , jennifer.levin@qas.com, 
f.krabbe, F., Krabbe, , f.krabbe@ebbark.net, 
farnsworth, Steve, Chipman, , schipman@rocketmail.com, 
faznar, Ferran, Aznar, Intercom Worldwide, SL, ferran.aznar@careesma.com, 
ffdixon, Fred, Dixon, Serence, fdixon@serence.com, 
FHARLE, Frederic, HARLE, ALLIATECH, f.harle@free.fr, 
FilipThoen, Filip, Thoen, , filip@synopsys.com, 
finlahytest, Adam, Richman, Finlay, tech@finlay.com, 
finnfrisch, Finn, Frisch, , finn.frisch@axiomatics.com, 
fishmark, Mark, Daniels, TSM Technology Management, mark.daniels@highwinds-software.com, 
fit, Marcos, Fernandes, FIT - Fine Image Tech, marcos_fernandes@fineimagetech.com, 
fjrodriguez, Francisco, Javier, , fjrodriguez@redk.net, 
florence, Elvia, , , florence865@hotmail.com, 
Fonality, Michael, Herter, , mherter@fonality.com, 
franciscocrespo, Francisco, Crespo, , francisco.crespo@intermediasp.com, 
Fraser, Scott, , , sfraser@etrade.com, 
freedom, Freedom, Systems, , patlaboryu@gmail.com, 
frefol, Frank, Refol, , frefol@skipjam.com, 
frinaudo, Franco, Rinaudo, , frinaudo@eurosquare.com, 
FSLGroup, Phil, Van Trump, The FSL Group, pvantrump@fslgroup.com, 
fssl, fssl, , , nob@ssl.fujitsu.com, 
futuraconverting, Alessandro, , , viania@futuraconverting.com, 
futurevox, Mark, Miglio, Futurevox Inc., web@futurevox.com, 
g2tcg, Denise, Tournas, Tactical Communications Group, LLC, denise.tournas@g2tcg.com, 
g5liebe, Jae, Young, GFX Group SA, g5liebe@gmail.com, 
garlie, Michael, Brooks, Orbital Network Engineering, mbrooks@orbitalnetwork.com, 
Gary Butler, Gary, Butler, Fellowship International Mission, gbutler@fim.org, 
garywhite, Gary, White, , kevin@sugarcrm.com, 
GATCsro, Matej, Mares, GATC s.r.o., matej.mares@gatc.com, 
gbardy, Bardy, Grégory, Cortix, g.bardy@cortix.fr, 
gbfs, Matt, Andersen, Greenbook Financial Services, it@gbfs.com, 
gclarke, Greg, Clarke, , greg.clarke@wsps.co.uk, 
gena, Gena, Cecala, vSpring Capital, gena@vspring.com, 
genep, Gene, Pence, , ngp@sailsoft.com, 
geneseeacademy, Michael, Kelly, Genesee Academy, mkelly@geneseeacademy.com, 
Gensoky, CJ, Genosky, Freshpaint Digital, cj@fpdig.com, 
george@zonicdesign.com, George, Chou, , george@zonicdesign.com, 
GGSugar, Michael, Eriksson, Golden Gekko Ltd, iv@goldengekko.com, 
ginapell, Gina, Pell, Splendora, Inc,, gina@splendora.com, 
giok, giovanni, pelucca, COSEDIRETE SNC DI PELUCCA GIOVANNI & GRIGOLO MASSIMO, info@asaf.it, 
gkushida, grant, kushida, , gkushida@fox.com, 
glenlee03, Glen, Lee, Wendler Engineering, glenl@wes4.com, 
GlobalAmericanCRMAdmin, Leah, Bajc, , lbajc@globalamerican.com, 
gmohs, gmohs, , , kadowaki@carebrains.co.jp, 
gobbel, Jeff, Shrager, CollabRx, gobbel@acm.org, 
godengo, Mark, Williamson, , mark@godengo.com, 
goingon, David, Popler, GoingOn Networks, davidp@goingon.com, 
greenersol, Ryan, O'Mahony, Greener Solutions Ltd, ryan.omahony@greenersolutions.com, 
greenpearlevents, Ryan, Slack, GreenPearl Events, sugar@greenpearlevents.com, 
greg.whitfield@hoffend.eu, Pascal, , , greg.whitfield@hoffend.eu, 
gregor@globekey.com, Gregor, Vogel, GlobeKey, gregor@globekey.com, 
gricardi, Gustavo, Ricardi, , gricardi@cybelesoft.com, 
groetker, Thorsten, Groetker, , groetker@synopsys.com, 
groupecgd, Gilles, , , gdtechsoft@yahoo.com, 
groupeHEC, groupeHEC, , , groupehec@synolia.com, 
Growing Champions, Aaron, Vidas, 2010 Legacies Now, avidas@growingchampions.ca, 
gstiavetti, Gregory, Stiavetti, Certus Software, Inc., it@certus.com, 
GSTVJeff, Jeff, Hupp, Gas Station TV, jeff.hupp@gstv.com, 
gtichenor, gmail, tichenor, , jeff.tichenor@gmail.com, 
gvreeman@finelink.com, Guy, Vreeman, Fineline Printing Group, gvreeman@finelink.com, 
gwhite, Gary, White, White Springs, gary@whitesprings.co.uk, 
haueck, Rafal, , , haueck@poczta.onet.pl, 
heijmans, Gerd, F.A., , netwerk@heijmans-support.nl, 
helblingaccount, Carl, Stearns, Civic Mind Media LLC, stearns.carl@gmail.com, 
herlopez, Hernan, Lopez, ATI, hlopez@ati-ltda.com, 
hgrodin, Howard, Grodin, , h_grodin@hotmail.com, 
hhtour, Hamburg, Touristik, , m.hoffmann@genius4u.de, 
hiprocall, Matthias, Jäger, , mj@hiprocall.de, 
hlccrm, Harry, Clendening, TekEnabler, Inc., harry@tekenabler.com, 
hlopez, Hernan, Lopez, ATI, hsoft@ati-ltda.com, 
hmcdonagh, Helen, McDonagh, Betatherm Ireland Ltd, hmcdonagh@meas-spec.com, 
hodesiq, Jeremy, Shapiro, Bernard Hodes group, jshapiro@hodesiq.com, 
HollySmith, Holly, Smith, U-Connect, Inc., hsmith@u-connectsite.com, 
homecu, Jan,  Brinkerhoff, HomeCU DMS, manny@homecu.com, 
Homeinspectors, HomeInspectors, , , itsupport@homeinspectors.co.uk, 
Homerunr, Wouter, Gijsbertsen, Homerunr BV, crm@homerunr.nl, 
honky, Mario, Galier, , honkyy33@gmx.net, 
hooperl, Lance, Hooper, Zip Telecom, hooperl@ziptel.ca, 
HotelCatedral, Carlos, DeLeon, , cdeleon22@hotmail.com, 
hsmith, Holly, Smith, U Connect, hsmith@uconnectsite.com, 
hvcann, Henk, van, 2value bv, hvcann@intragis.com, 
hwilson, Hannah, , , hwilson@ittoolbox.com, 
ianp, Ian, Percy, Pico Technology Ltd, ian@picotech.com, 
iansmith, Ian, Smith, Xceliant, ian.smith@txsoft.uk.com, 
idlmedia, Odd-Geir, Folland, , odd-geir@idl.no, 
ienrich, Javier, Enrich, , abc@123.com, 
igrzalja, Igor, Grzalja, Logos, igor.grzalja@logos.hr, 
ihicoltd, ihicoltd, , , kadowaki@carebrains.co.jp, 
IMMINENCE, IMMINENCE, , , sugar@synolia.com, 
imts, Paul, Boram, , paulb@imtsinc.com, 
inescorp, inescorp, , , kadowaki@carebrains.co.jp, 
Infozashita, Evgeny, Chanyshev, , e.chanyshev@infozashita.com, 
inhertiancenow, Tim, Teeter, , tteeter@getyin.com, 
innovazione, ANDREA, BURATTI, INNOVAZIONEDIGITALE SRL, fornitori@innovazionedigitale.it, 
INPHYNIX, INPHYNIX, , , sugar@synolia.com, 
insightfulsolutions, Insightful, Solutions, , sugar-partnership@insightful.com.au, 
intel, Rose, Elley, , rose.m.elley@intel.com], 
intelistaf1, Alvin, Gates, InteliStaf Healthcare, Inc., algates@intelistaf.com, 
IntercodeSolutions, Royston, Rodrigues, , achaudhry@sugarcrm.com, 
intierra, Abhishek, Upadhyay, Intierra Ltd, abhi@intierra.com, 
intrapoint, Michele, Edoy, , michele.edoy@intrapoint.com, 
Intronis, John, Stanagate, , achaudhry@sugarcrm.com, 
IPGA, To Be, Deleted, Delete Me, test@no-detail.com, 
ipvisioninc, Joseph, Hadzima, IPVision, Inc., hadzima@ipvisioninc.com, 
irvhulst, Igor, van, , i.van.hulst@imn.nl, 
isatvpcidotcom, tai, , , is@vpc-i.com, 
isteiger, Irina, Steiger, , irina.steiger@jusi-gmbh.de, 
ittoolbox, George, Krautzel, Information Technology Toolbox, dev@ittoolbox.com, 
IV2M, Tristan, Zerbib, IV2M, contact@synolia.com, 
izenda9876, Brendan, Sullivan, Izenda, info@izenda.com, 
j.adams, Judith, Adams, , j.adams@imn.nl, 
jabone, Tony, Bone, , tony.bone@zeroedinsolutions.com, 
jacwongblack, jacwong, , , jacwongblack_cn@yahoo.com.cn, 
jadenada, Adam, Alberty, ZoneFilter, adam@alberty.name, 
james.allerton, James, Allerton, The Irongate Group Ltd, jallerton@irongategroup.co.uk, 
james.sorena, James, Sorena, , marketing@aboutimage.com, 
jamesj, jon, james, , jonj@claimtools.ca, 
jamesm, James, Muir, , ben@maxum.co.nz, 
jamilhat, AMILHAT, Joris, UHT Kft, jamilhat@uht.net, 
janellethompson, Janelle, Thompson, Elite Meetings International, jthompson@elitemeetings.com, 
janreinelt, Jan, Reinelt, , jr@pro.dk, 
JanWilson, Jan, Wilson, ActionCRM LLC, janwilson@actioncrm.com, 
jarrad, Jarrad, , , jarrad@gvsn.co.nz, 
jarregui, Jose, Arregui, , jarregui@presenzia.net, 
jasen, jasen, fici, velaro, jasen@comcast.net, 
JAYAKESHPK1, JAYAKESH, KESAVAN, LIMA CRM SERVICES CORP, JAY@LIMACRM.COM, 
jaz@feeva.com, Jasminder, Banga, , jaz@feeva.com, 
jbrugge, Jonathan, Brugge, , J.D.Brugge@union.utwente.nl, 
jdleister, Jason, , , info@computersuperguy.com, 
jeangui, Jean, pradelle, Blue Leaves SL, jpradelle@hotmail.com, 
Jeff A., Jeff, Arnold, season & time projects inc., belleterra@telus.net, 
jefreema, Jeremy, Freeman, RX Networks, jeremy@rxnetworks.ca, 
jeremiahstover, Jeremiah, Stover, Xzito Creative, jstover@xzito.com, 
jerome.regnier, JR, , France, jr@epsilon-finance.com, 
jessicacida, Jessica, Green, , jessica@cida.co.uk, 
JESSICAFRANCE, JESSICAFRANCE, , , sugar@synolia.com, 
jfeugere, Justine, FEUGERE, , jfeugere@boost-asp.com, 
jgowell@on-linetechnologies.com, Jay, Gowell, On-Line Technologies, Inc., jgowell@orderlogix.com, 
jgrossman, Justin, Grossman, meltmedia, justin@meltmedia.com, 
JHo, John, Holloway, , john.holloway@redphoenixconsulting.com, 
jhoysradt, Justin, Hoysradt, , jhoysradt@gmail.com, 
jhutch, Jason, Hutchison, , jason@sycle.net, 
jimbartek, Jim, Bartek, JimBartek.Com, jim.bartek@gmail.com, 
jjohansen, Jorgen, Johansen, Molgaard Data A/S, jjo@mgd.dk, 
jlfg, John, Fitzgerald, JLF Group Ltd., tyriec@jlf.com.au, 
jmann76, Jonathan, Mann, , jonathan@ruthandjonathan.com, 
jmartinec, Michael, Reese, Arryx, Inc., mreese@arryx.com, 
jmcclure, John, McClure, ProfitScore Capital Management, Inc., john.mcclure@profitscore.com, 
jmorton, Jim, Morton, , jmorton@tsystem.com, 
jmoule, Tim, Nohara, Accipiter Radar Technologies Inc, jmoule@accipiterradar.com, 
jmp23834, John, Pyle, Vsoft, jmp23834@gmail.com, 
jnassi007, jnassi007, jnassi007, jnassi007, jnassi@gmail.com, 
jnassi321, jnassi321, Nassi, jnassi321, jnassi@gmail.com, 
jnassi456, jnassi456, jnassi456, jnassi456, jnassi@gmail.com, 
jnassi666, jnassi666, jnassi666, jnassi666, jnassi@gmail.com, 
jnassi789, jnassi789, Nassi, jnassi789, jnassi@gmail.com, 
jnassiROOLZ, jnassiROOLZ, jnassiROOLZ, jnassiROOLZ, jnassi@gmail.com, 
Joan Jorda, Joan, Jorda, , aei6@aetech.es, 
joejoe2048, Johannes, Lämmermann, Hardenberg-Gymnasium Fürth, johannes@laemmermann.eu, 
joeychao, Emily, Young, , jchao@sugarcrm.com, 
jojozekil, jojo, , , jdebache@iccentrex.com, 
jonathan.kay, Jonathan, Kay, , mark.robinson@refractiv.co.uk, 
jonshehane, Jon, Shehane, ActionCOACH Business Coaching, jonshehane@actioncoach.com, 
JosephNguyen, Joseph, Nguyen, , jnguyen@coylecompany.com, 
jshaffer, John, Shaffer, , jshaffer@fslgroup.com, 
jsi, Bekim, Shala, John Snow Inc., bekim_shala@jsi.com, 
jsykora, joe, sykora, InterSpace Computers, joe@interspacecomputers.com, 
jsykora2, joe, sykora, interspace computers, joe@interspacecomputers.com, 
jtehan, Joe, Tehan, , jtehan@daedalussoftware.com, 
jtest5551, jtest5551, , , jtest5551@x13designs.com, 
juanpiggee, Juan, Piggee, Narrow Edge Innovations, juan@piggee.net, 
juliantest23, juliantest23, asd, , jostrow@x13designs.com, 
jvaccaro, jorge, , , jvaccaro@redtel.cl, 
jwray1112, James, Wray, Zion Networks LLC, jw@zionit.com, 
k.ueberreiter, klemens, ueberreiter, Osmosys S.A., k.ueberreiter@osmosys.tv, 
kai_jing, Kai, Jing, , kjing@sugarcrm.com, 
kantei, David, Baker, , subscriptions@kantei.com, 
kapital, Erlend, Reitan, InOut Norge AS, erlend@inout.no, 
Karen@1968, N.J., Janssen, TMFI, nico.janssen@tmfi.nl, 
kathyrobinson, Kathy, Robinson, , norcross1944@live.com, 
kbakowski, Krzysztof, Bakowski, Main Line Telecommunications, krzysztofb@mltcom.com, 
KDewitt, Kurt, Dewitt, , d_hernandez@powerplusutility.com;k_dewitt@powerplusutility.com, 
KelseyRuger, Kelsey, Ruger, , webxitestech@webxites.com, 
kenbucers, Ken, Henderson, M3 Companies, kh@M3legalservices.com, 
kenj3, kenj3, , , june4ua@yahoo.com, 
kerthand, Andrea, Kerth, salesdata consulting e.U., andrea.kerth@salesdataconsulting.com, 
kinetics, Kinetics, , , it@kineticsusa.com, 
kirkhamsystems.com, Tom, Kirkham, Kirkham Systems, Inc., domains@kirkhamsystems.com, 
klarson99, Kyle, Larson, , klarson@harborpayments.com, 
klindo13, Kjetil, Lindo, , kjetil.lindo@pghworld.com, 
klm018, Kirk, Mize, , kirk.mize@zonarsystems.com, 
kmarr, Kim, Marr, Cheng Design, kmarr04@chengdesign.com, 
kmoir, kK, K, K, sugarisbuggingme@inmotiontechnology.com, 
Kpoggensee, Ken, Poggensee, , kenp@software-link.com, 
kpoplin, Katie, Poplin, , katie.poplin@exoplatform.com, 
kreynolds, Kevin, Reynolds, , kreynolds@velocityinventory.com, 
ksmithcrm, Kenneth, Smith, SmartPlug Systems, ksmith@smartplugsystems.com, 
kuehn@globalpact.org, Paul, Kuehn, Global PACT International, Inc., sugarcrm@globalpact.org, 
kvgeffen, K., van, Redhosting, koen@redhosting.nl, 
KWE, KWE, , , sugar@synolia.com, 
kwu, Kevin, Wu, , wukk@uci.edu, 
lalvarez, John, Cervieri, Distance Learning Inc, systems@dli.com, 
laugue, Laurent, GUENIER, CORONA MEDICAL, info@corona-medical.com, 
LaurieCRM, Marggie, Laurie, FitLinxx, mlaurie@fitlinxx.com, 
LawyerShop, Stephen, Elliott, , stephen.elliott@lawyershop.ca, 
laynesup, Layne, Sup, , layne-sugarcrm@infinitesys.com, 
lbecker, leon, becker, , leon.becker@uscet.com, 
lbriones, Lourdes, Briones, , lbriones@mail.arc.nasa.gov, 
LCSL01, Amanda, Poultney, Lightsout Computer Services, amanda.poultney@lightsout.co.uk, 
ldoherty, Liam, M., , ldoherty@msdinc.com, 
ledrocnoc, Denis, Concordel, AddictiveLogic, sugarcrm.com@concordel.com, 
lgormly, Leah, Gormly, , lgormly@ittoolbox.com, 
limont, Alla, Limont, , limont@hamburg-tourismus.de, 
lisatvblob, Lisa, , TVBLOB, S.r.l., lisa.morris@tvblob.com, 
Litepointusa, Brendon, , Litepoint Corp, brendon.mosher@litepoint.com, 
ljreis, Loren, Reis, AllOver Media, lreis@allovermedia.com, 
lmadden, Louise, Madden, Farfield Scientific Limited, lmadden@farfield-scientific.com, 
lnagtegaal, Lars-Albert, Nagtegaal, SYRACOM AG, ln@syracom.de, 
loadexpress, Heidi, Vass, Loadexpress, loadexpress@gmail.com, 
logicalware, Andrew, Veitch, Logicalware Ltd, sugarcrm@logicalware.com, 
LOGILEC, LOGILEC, , , sugar@synolia.com, 
longscale001, Milinda, Kotelawele, , admin@longscale.com, 
loquidogmbh, Seidl, , , seidl@loquido.de, 
Lorand, Lorand, Szojka, Just-in-Time Resources, lorand@essentialtalk.com, 
LouisBeaudry, Louis, Beaudry, Emmegi Ski Inc, louisbeaudry@emmegiski.com, 
lpascaud, Lionel, Pascaud, Olfeo, lpascaud@olfeo.com, 
lsheiba, Leonard, Sheiba, , leonard@thinkingvoice.com, 
lstejskal, Ladislav, Stejskal, Sketch2, lstejskal@sketch2.com, 
ltnp, Phuong, Le, Contineu AS, ltnp@yahoo.com, 
LTownsend, Lisa, Townsend, , Ltownsend@prideindustries.com, 
luca_sugarprof, Luca, Boffa, Nextre Engineering Srl, luca.boffa@gmail.com, 
luchoh, Latchezar, Hristov, , luchoh@lycos.com, 
lumis, Aaron, Williamson, Lumis Multimedia, perth@lumis.com.au, 
lweaver@ittoolbox.com, Daniel, Morrison, ITtoolbox, lweaver@ittoolbox.com, 
lyenlawner, David, Leonardi, 2wise, leonardi.david@gmail.com, 
Lynner, Eric, Lynner, , ericl@dynbus.com, 
ma23693, R, Martin, Cybernetics, martin@cybernetics.com, 
maclane, Ellen, Richards, Macfarlan Lane, erichards@macfarlanlane.com.au, 
madamstx34, Mike, Adams, , madams@efgusa.com, 
Maessen, Nico, , , nico@searchfactory.nl, 
magicted, Detlef, Gumze, factorP leadership development Ltd. & Co. KG, detlef@gumze.de, 
malcolm, malcolm, st., , ms@avatartechnology.com, 
marc.englaro, Marc, Englaro, , marc.englaro@insightful.com.au, 
mario_thomas, Mario, Thomas, Chapter Eight Limited, mario@mariothomas.com, 
markburgess, Mark, Burgess, , sugarcrm@toplevel.com, 
marketinginformatik, Nicol, Wiedemann, KU Eichst?tt-Ingolstadt, nicolas.wiedemann@ku-eichstaett.de, 
markmarsh, Mark, Marsh, Charter Solutions Inc, mark.marsh@chartersolution.com, 
marktovey, Mark, Tovey, Laserlife Littlejohn, markt@laserlife.com.au, 
marta, M, Vigo, Creative Database Projects Ltd, marta_vigo@cdproj.com, 
martin.huber@canoo.com, Martin, Huber, , martin.huber@canoo.com, 
maryjane, Mary, Jane, , missacs@healthequity.com 	, 
maryselleroli, Mary, Selleroli, EnterpriseDB, mary.selleroli@enterprisedb.com, 
mass medium, Michael, Golan, , mike@massmediums.com, 
matbru, Matthias, Brück, Roxtec GmbH, matthias.brueck@de.roxtec.com, 
mattameritherm, Matt, Mayne, , mmayne@ameritherm.com, 
matthewhately, Matt, Hately, Macadamian, matthew@macadamian.com, 
matthewsimons, MATTHEW, SIMONS, , msimons@virtualagentconnect.com, 
MauiMauer, Sebastian, Mauer, , s.mauer@comunici.com, 
Maureen2009, Maureen, Quick, , nhutcorp@msn.com, 
mavenwire, Chris, Plough, MavenWire, mw-hosting-sysadmin@mavenwire.com, 
maverick02, Ville, Vainio, BIIT Ltd., ville.vainio@biit.fi, 
maxclark, Max, Clark, Creative Thought, Inc., max@cthought.com, 
mboudro, Matthew, Boudro, , mboudro@caritas.us, 
mbreslow01, Mitch, Breslow, Qualified Processing Services, mitch@sfsprocessing.com, 
mbreslow33, Mitch, Breslow, Qualified Processing Services, mbreslow@qualifiedprocessing.com, 
mcgregorross, mcgregor, ross, , hosting@unlimited.ae, 
mch423, Max, Hwang, , mch@sugarcrm.com, 
MCM200808, MCM, Chemical, , annette@insightful.com.au, 
mcpfeifer, MC, Pfeifer, Presenzia, soporte@presenzia.net, 
mcssoftware, Brian, Provenzano, MCS Software, brian@mcssoftware.com, 
mdelmarter, Matthew, Delmarter, , matthew@delmarters.com, 
mdimas, Michael, Dimas, , mdimas@crownairaviation.com, 
mdoleh, Max, Doleh, , info@productiveT.com, 
mecky001, Claudia, Morgenstern, C.Morgenstern GmbH, c.morgenstern@c-morgenstern.de, 
mediapro, Eugene, Kesselman, , eugene@homemediapros.com, 
medweb, Peter, Killcommons, , rfannon@medweb.com, 
meicher, Mark, Eicher, RocketSoftware, meicher@rs.com, 
MELCARE, CAP, DATA, , capdata@synolia.com, 
Melitron, Mike, Turner, Melitron, mturner@melitron.com, 
Melllowood, Mark, Marcon, Mellowood Medical Inc., mikemarcon@hotmail.com, 
meprahs, Diego, Orjuela, Evoca LLC, orjuela@gmail.com, 
Metagroup, Eve, Reid, , eve@metamorphosisgroup.co.uk, 
mfernandez, mfernandez, , , mfernandez@gemba.cl, 
mgsadmin, Troy, Maas, Maas Global Solutions Corp, tmaas@maasglobalsolutions.com, 
mhavinga123, Matthijs, Havinga, , matthijs.havinga@dop.nu, 
michael.mcdonald@controlcable.co, Michael, McDonald, , michael.mcdonald@controlcable.com, 
michaelseidel, Michael, Seidel, Pure Systems, kevin@sugarcrm.com, 
Michael_Weiss, Michael, Weiss, Johann Weiss GmbH, m.weiss@johannweiss.at, 
michelleadmin, Michelle, Bingman, SugarCRM, mbingman@sugarcrm.com, 
michellebingman, Michelle, Bingman, Michelle Bingman, michellebingman@gmail.com, 
michellebingmantest, michelle, bingman, Test, michelleberiault@yahoo.com, 
Mike@Adax, Kae, Saephan, Adax, kae.saephan@yahoo.com, 
mikeong, Mike, Ong, Solarsys Microsystems Pte Ltd, mikeong@solarsys.com.sg, 
miziknet, Gail, Wiesemann, , miziknet@gmail.com, 
mjosee, Marie-Josee, Galarneau, , marie-josee.galarneau@ars-solutions.ca, 
mkiehl, Michael, Kiehl, Selectus Consulting LLC, mkiehl@selectusconsulting.com, 
mklemme, Michael, Klemme, acrolinx GmbH, mk01@acrolinx.com, 
mmajano, Mayra, Majano, , mmajano@ilearn2.com, 
mmarr, Melissa, Marr, The LaChance Team, melissa.marr@corcoran.com, 
mmc560712, Manuel, Martínez, EMASESA, mmartinez@emasesa.com, 
mmcgar01, Mark, McGarvey, Conexio, mark.mcgarvey@conexio.com, 
mmorelock, Molly, Morelock, , molly@snaplogic.org, 
mnovak, Leifur, Haraldsson, , martin.novak@ecsoftware.cz, 
Moby, Moby, , , jabba_jones@hotmail.com, 
mokono, Florian, Wilken, mokono GmbH, admin-c@mokono.com, 
montakon, montakon, , , info@terraforte.com, 
MORINLOGISTIC, MORIN, LOGISTIC, , sugar@synolia.com, 
motora, Jhon, Mario, C.I. MOTORA S.A., mario@comercialmotora.com, 
Mr.Robert, Nursing, , , niceguy1978@gmail.com, 
mrileyggp, Michael, Riley, GGP Systems Ltd, michael@ggpsystems.co.uk, 
mrmilk, Marcelo, Leite, , mrmilk@anysoft.com.br, 
mrobertson, Matthew, Robertson, DA Intormation Services, italerts@dadirect.com.au, 
mrowland, Adam, Beach, XIOCOM, mrowland@xiocom.com, 
MrPresley, David, Faria, , david@websiteprofessionals.com, 
mrubino, Marianne, Rubino, Fonality, marianne@fonality.com, 
msavelbergh, Marius, Savelbergh, onecentral B.V., marius@onecentral.eu, 
msosebee, Jonathan, Cantrell, Habersham EMC, michelle@hemc.coop, 
mstrotmann, Manuel, Strotmann, best it Consulting GmbH & Co. KG, info@bestit-online.de, 
mundorenting, Rafael, Garcia, Archipielago Renting S.L., javier@la-fabrica.net, 
murtada, Murtada, Shah, , murtada.shah@serenetechnologies.ca, 
mydatahub, David, Kellam, myDataHub, accounts@myDataHub.com.au, 
nbaccon, Nicolas, BACCON, , nbaccon@boost-asp.com, 
nbayliss, nick, bayliss, , nbayliss@lcservs.com, 
nbe222@gmail.com, Norbert, Bede, , nbe222@gmail.com, 
NCEE, Mary, Blanusa, National Council on Economic Education, mblanusa@ncee.net, 
nederer, Norbert, Ederer, mip GmbH, norbert.ederer@mip.de, 
Netcall123, Nadine, Wilson, Netcall Telecom Ltd, purchasing@netcall.com, 
network2, Tracey, DeBruyn, The MASTER Teacher, network2@masterteacher.com, 
neverblue123, Kevin, Wolski, Neverblue Media, kevin.wolski@neverbluemedia.com, 
nexboom, Doug, Qualls, NexBoom, mroberts@nexboom.com, 
nexissrl, Luca, Fronzoni, Nexis s.r.l., nexis@nexis.it, 
nfcom, Matt, Poyser, NF Communications, itman@nfcom.com, 
ngapinc, Vincent, Luchenta, , rfunk@ngapinc.com, 
ngentile, Doug, Hogmire, Resite IT, doug.hogmire@resiteonline.com, 
ngiarratana, Neil, Giarratana, Lucidus Corporation, neil@lucidus.net, 
ngigiwaithaka, Ngigi, Waithaka, , cto@at.co.ke, 
nguyencaoky, nguyencaoky, , , nguyencaoky@gmail.com, 
nhollingsworth@zanenetworks.net, Nyere, Hollingsworth, , nhollingsworth@zanenetworks.net, 
niche, Jeremy, Pyles, Niche Design Inc., jeremy@nichenyc.com, 
nickruddle, Nick, Ruddle, Action Coach, nickruddle@actioncoach.com, 
nicokopke, Nico, Koepke, KODIME, info@kodime.com, 
nicoletobiassen, Mark,  Tobiassen, Action Coach New Mexico, marktobiassen@actioncoach.com, 
nicosag, Tobias, , nicos AG, purchase@nicos-ag.com, 
nkini, Nagaraja, , , nkini@estuate.com, 
nmathawan, Neeraj, , , nmathawan@imagetreecorp.com, 
nsaccrm, Dmitriy, Nikitin, Nidec-Shimpo America Corp., sysadmin@nidec-shimpo.com, 
nwdhosting, Noah, Kaufman, NWD Hosting, webmaster@nwd-hosting.com, 
off campus solutions, Gregory, Baker, Off Campus Solutions, gregory.baker@offcampussolutions.com, 
ohm, Yoon, Sterkenburg, , yoon@ohm-electrocare.nl, 
Olavo, Olavo, Farias, CommuniCore, olavo.farias@gmail.com, 
olddog, Clark, Payne, , clarkpayne@cavtel.net, 
onics, SIMON, CURREY, OnICS, simonc@oncis-7.com, 
OPENMANGO, OPENMANGO, , , sugar@synolia.com, 
operationalit, Greg, Billington, t+ Medical, operationalit@tplusmedical.com, 
oplattner, Oliver, Plattner, SnapLogic, oplattner@snaplogic.com, 
opochard, Olivier, POCHARD, , opochard@boost-asp.com, 
oprentout, Olivier, Prentout, NOVERIA, oprentout@carea5.com, 
ORENTIS, ORENTIS, , , orentis@synolia.com, 
ospace, Brent, Hall, The Office Space, bhall@brandwidth.com.au, 
Otter, Alan, , , otter@that.co.nz, 
Outperform, Duncan, Ion, , d.ion@outperform.co.uk, 
owwconsulting, Michael, Kress, OWW Consulting, tech@owwconsulting.com, 
PaigeRaywood9, Tysun, Ihm, Lutronic, praywood@lutronic.com, 
pantonio, Pierre, ANTONIO, JWARE Technologies, pierre.antonio@jwaretechnologies.com, 
paperino, Marco, Zilberstein, Washington Quality Group, administracion@wqg.es, 
password, lstak, , , elin@opusmanagement.com, 
patrick24601, Patrick, Allmond, , forum@getyourwebsitetoday.com, 
paulauer, paulauer, , , csteinhauer@itnovum.de, 
Paulhsmith, Paul, Smith, UPSTREAM / NorthAmerican Teleconference, paul.smith@upstreambiz.com, 
pdight, Patrick, Dight, , Patrick@JustCRMs.com, 
pdinc, Jason, Pyeron, PD Inc., ap@pdinc.us, 
peaston, Paul, C., , peaston@truelegalpartners.com, 
Pentaho, Adrian, Marshall, Pentaho Corporation, amarshall@pentaho.org, 
perceptive, Chris, Pescott, , info@perceptiveinsight.com, 
Perminder, Perminder, Singh, , Perminder.Singh@mci.com, 
pgarcia.redk.net, Pastora, García, , pgarcia@redk.net, 
pgennaro, paula, gennaro, Novacoast, pgennaro@novacoast.com, 
philipjoseph, Philip, Joseph, , philip.joseph@corratech.com, 
phskservices, Houllé, Pierre, PHSK Services, webmaster@phskservices.com, 
pierau, Maikel, Pierau, , pierau@pitconsultants.nl, 
pioco, pioco, , , skoh@pioco.com, 
Pipe Networks Limited, Belinda,  Flanders, Pipe Networks, belinda.flanders@staff.pipenetworks.com, 
pipenetworks, Pipe, Networks, , accounts@insightful.com.au, 
Piribo1, ed, bailey, , edwin@reportburger.com, 
pixellab, Jon, Halk, PixelLab Inc., jhalk@pixellab.ca, 
Plansmith1, Christopher, Hartman, Plansmith Corporation, cdhartman@plansmith.com, 
PlatNRG, Gregg, Blank, GSB Consulting, gb@platinum-energy.net, 
pmarchitello, Gilbert, Quintana, NTT/Verio, qquintana@verio.net, 
pmasnada, Pascal, MASNADA, , pmasnada@boost-asp.com, 
pmoore, Patrick, Moore, Mosaic Technical Services, pmoore@jkmconsultinginc.com, 
pmtoolbox, Ludovic, PILET, , ludovic.pilet@pmtoolbox.com, 
pniedermann, Peter, Niedermann, Oerlikon Saurer Arbon AG, pniedermann@melco.com, 
pOrmsby, Peter, Ormsby, List-Link Networks Limited, peter.ormsby@list-link.net, 
postcarbon, Celine, Rich, MetaFoundation, mack@postcarbon.org, 
POW200808, Pow, Wow, Pow Wow Training, support@epochlabs.com.au, 
pozole_13, Carlos, Zevallos, , czevallos@gmail.com, 
pprofit, Patrick, PROFIT, , pprofit@boost-asp.com, 
Printer, Printer, Magazines, , accounts@insightful.com.au, 
prococious, Peter, Li, Prococious Technology Inc., ppli@cleardent.com, 
psehgal, praveen, sehgal, , sehgalp@gmail.com, 
pu239, Christopher, Akins, Dictationstore.com, Inc., chris@digital-voice.com, 
pwilson, Peter, Wilson, , peter_wilson@graphicdata.co.uk, 
pxpsoftware, Lorenz, Graeff, PXP Software AG, lorenz.graeff@pxpgroup.com, 
qba, Jakub, Flisek, , jakub.flisek@grupa-atlantis.pl, 
qtec, qtec, , , michaels@qtec.com.au, 
quickform, Richard, Osborne, Quick Formations Ltd, enquiries@quickgroup.com, 
quickpath, Brad, Boyer, , brad.boyer@quickpath.com, 
r.piazzo, Raffaella, , , raffaella.piazzo@willbit.com, 
RABASSE, RABASSE, , , rabasse@synolia.com, 
rabs192, Richard, Stewart, Redbourne Limited, richard.stewart@redbourne.com, 
rackpool, Sonny, Costin, , sonnycostin@cfl.rr.com, 
radu.ovidiu, Radu, Ovidiu, , radu.ovidiu@neusoft.com, 
ragnvald10, Ragnvald, T., , ragnvald@evorium.no, 
randalholstine, Randal, Holstine, Milsoft Utility Solutions, randal.holstine@milsoft.com, 
Ravalec, Cedric, ravalec, , cedric.ravalec@idealx.Com, 
razvan, Razvan, , , razvan@edata.ro, 
rbedenham, Richard, Bedenham, , rbedenham@yahoo.com, 
rbegley, Rachelle, Begley, , rbegley@athenahealth.com, 
rbellido, Rodney, Bellido, , rbellido@javaforest.cl, 
reasoning, Reasoning, , , it@reasoning.com, 
RedOnion, John, Aggrey, , sales@redonion.uk.com, 
regeasy, Dave, Bodnarchuk, , purchaisng@eventiq.com, 
reggieshropshire, Reggie, Shropshire, ActionCOACH, reggieshropshire@actioncoach.com, 
remsincorp, Paula, Ann Hipp, Real Estate Management Systems Inc., tony@remsincorporated.com, 
rfisk, Rick, Fisk, , rick.fisk@gmail.com, 
rforster, Ramon, Forster, VIT, r.forster@vit.ch, 
rgarcia350, Ricardo, Garcia, Go-Web.Biz, rgarcia@Go-Web.Biz, 
rhflaf, Bob, Freedman, , bob@dealeron.com, 
RHOAGE, ROBERT, , NETXEN, BOB.HOAGE@NETXEN.COM, 
richardcynergy, Jason, Cucullu, Cynergy, richarde@cynergyservices.com, 
rickscherle, Rick, Scherle, , rick@scherle.com, 
rineco, James, Wood, Rineco, bwood@rineco.com, 
RISupport, Boris, Roy, Royal Imaging, support@royalimaging.net, 
rjanning, rjanning, , , kevin@sugarcrm.com, 
rlaskewsr, Roger, L., , ramjet30@cox.net, 
Robb222, David, Hubbard, Asoka, david.hubbard@asokausa.com, 
ROBECO, ROBECO, , , robeco@synolia.com, 
roblaus, Robert, Laussegger, , info@iscongroup.net, 
robmcdowell, Robert, McDowell, , r.mcdowell@searoadholdings.com.au, 
rodell, Bob, , , c_rodell@msn.com, 
rogerg, Roger, Gerdes, Azaleos Corporation, rogerg@azaleos.net, 
ROIson, Christian, Dahlberg, BenNevis Inc., chris.dahlberg@bennevis.com, 
rpierre, Ralph, Pierre, SalvageData Recovery, rpierre@salvagedata.com, 
rreece, Rob, Reece, , rreece@rpstechnology.com, 
rsanchez, Ramón, Ariel, UNITEC - Laureate International Universities, rsanchez@unitec.edu, 
rseidl, Robert, Seidl, , rseidl@genius.com, 
rsm, Rodney, Goins, Rotterdam School of Management BV, ehoek@rsm.nl, 
rsmart, Tom, Chapman, rSmart, tchapman@rsmart.com, 
rturnbull1977, Ryan, Turnbull, Utilitran Corporation, rturnbull@utilitran.com, 
RUEDUCOMMERCE, RUEDUCOMMERCE, , , sugar@synolia.com, 
rustybee, Bryce, James, Smart Portfolios, bjames@smartportfolios.com, 
rvelto, Robert, Velto, MAAX Spas, rcvelto@aol.com, 
ryanjwh, Operations, Cloudmark, , ops@cloudmark.com, 
ryeh, Ryhwei, Yeh, , ryhwei@snaplogic.org, 
sadams, Scott, , , sadams@shieldmasterx.com, 
saeilo, saeilo, , , kadowaki@carebrains.co.jp, 
SalesFocusIntl, Darren, Cougle, Sales Focus International, Inc, darren.cougle@salesfocusintl.com, 
salesops, Duane, Gillissie, Guest-Tek Interactive Entertainment, salesops@sugarcrm.com, 
SalesOpsEMEA, Sales, Ops EMEA, SugarCRM, kbrueckner@sugarcrm.com, 
SANTEFFI, SANTEFFI, , , sugar@synolia.com, 
sappley, Stuart, Appley, , sappley@waldenintl.com, 
sarah.marchetti, Sarah, Marchetti, Ogilvy Public Relations Worldwide, sarah.marchetti@ogilvypr.com, 
sasam@eunet.co.rs, Sasa, Markovic, EUnet d.o.o. Beograd, sasam@eunet.co.rs, 
satxpert, Lucia, Francesco, , francesco.l@web.de, 
sbruce@recognia.com, Steve, Bruce, Recognia Inc, stevebruce@recognia.com, 
sbtcorp, sbtcorp, , , kadowaki@carebrains.co.jp, 
sbyron, Sean, Byron, , sean.byron@fox.com, 
SCall, Sara, Call, DirectFed, rudischlachter@gmail.com, 
scarolan, Sean, Carolan, SANS Institute, scarolan@sans.org, 
scottlong, scott, long, , dave@epicnotion.com, 
scottm, scott, milich, , scottm@g4connect.com, 
sdeller, Sam, Deller, Airnet NZ LTD, sam@team.airnet.net.nz, 
sdurant, Stephen, Durant, Loaded Technologies, na@levementum.com, 
secureusa, Gabriel, Meacham, SecureUSA, gabe@secureusa.net, 
securiant, Richard, Campbell, , admin@securiant.com, 
SecuritiesAmerica, Michael, Meyer, Securities America, richard@sugarcrm.com, 
SELFADVERT, SELF, ADVERT VIA SYNOLIA, , selfadvert@synolia.com, 
semau, sebastien, maulion, , semau@smile.fr, 
semilo, Hans, Caspers, Semilo, hans@semilo.nl, 
semphonic, Joel, Hadary, , wyee@semphonic.com, 
seppi24, Schroff, , , schroff@schroffundpartner.de, 
SESSugar, Fred, Hampton, Southern Educational Systems, SESFred@aol.com, 
sevan, Sevan, Kessissian, Boonty, sevan@boonty.com, 
sfein, Sid, Fein, CPX Interactive, sid@cpxinteractive.com, 
sflacks, Scott, F, , scott@thewheelergroup.com, 
shahzadk, Shahzad, Khokhar, , shahzad@enterprisedb.com, 
Shane54, Shane, Karlin, SugarCRM, shane@sugarcrm.com, 
shane55555, shane, heffron, , shane@ski.ca, 
shantnu, Shantnu, Kumar, Loaded Technologies, na@loadedtech.com.au, 
sheltond, Shelton, Dickson, Dickson Resources, shelton@dicksonresources.com, 
sid4it, Sudhendra, Seshachala, Hooduku Inc, sid4it@gmail.com, 
simitel, Marcus, Dantus, , ceo@simitel.com, 
simplisite, Daniel, Mende, Simplisite Business Solutions, root@simplisite.com.au, 
sinet, Jeremy, Petersen, School Improvement Network, jeremy.petersen@schoolimprovement.com, 
sisselmantech, David, Sisselman, None, david.sisselman@sisselmantech.com, 
skoh_okta, Shiyan, Koh, , skoh@okta.com, 
slen6969, Nels, C, , nelsdrugge@hotmail.com, 
softplex, softplex, , , kasai@softplex.co.jp, 
softtech, Gary, Sung, Soft-Tech System Limited, gary@softtech.com.hk, 
soholaunchsales, Moxie, Maxwell, Soholaunch.com, Inc., sales@soholaunch.com, 
solovat, rafael, soultanov, solovatsoft, Inc, rafaels@solovatsoft.com, 
solucom, solucom, , , si@solucom.fr, 
sourcedirect, Troy, Nini, SourceDirect.com, sugarcrm@sourcedirect.com, 
spartacalendars, Ricki, Reynolds, Sparta Graphics, rickireynolds@spartacalendars.com, 
speery, Samuel, Peery, , speery@propay.com, 
sray, Shourya, Ray, Spin Systems, Inc., sray@spinsys.com, 
srazvigorov, Strahil, Razvigorov, , srazvigorov@creasoft.biz, 
sschavee88, Susan,  Schavee, Mediaphormedia, sschavee@ellingtoncms.com, 
sshunin, Stanislav, Shunin, Parallels,Inc, sshunin@parallels.com, 
ssoderberg, Sonja, , , sonjasoderberg@ittoolbox.com, 
standardradio, adam, hunter, , ahunter@sri.ca, 
starcraft010203, John, W., , starcraft010203@yahoo.com, 
stefanb, Stefán, B., , stefan@martolvan.is, 
stevan.radakovic, Stevan, Radakovic, , stevan.radakovic@pstech.rs, 
steve.ncix, steve, wu, NCIX.com, steve@ncix.com, 
stevelance, Steve, Lance, , steve@sugarcrm.com, 
steven.risman@exigengroup.com, Steven, Risman, Exigen, steven.risman@exigengroup.com, 
stickyeyes, Andrew, Chalmers, Stickyeyes, steve@stickyeyes.com, 
Stijncatv, Stijn, Amundsen, , stijn@tonal.org, 
stilagrrll, Rachel, Kinoshita, , stilagrrl@gmail.com, 
stonecobra, Scott, Sanders, Stone Cobra, scott@stonecobra.com, 
Storry, Storry, Warner, , storry.warner@agilityworks.co.uk, 
streamline, Mike, Shurtleff, , mshurtleff@streamline-studios.com, 
stuartinl, Jeff, Owen, , maillist-security@intrinsica.co.uk, 
STUDIOERELL, STUDIOERELL, , , sugar@synolia.com, 
Sue McGrath, Sue, McGrath, Media Matters, sue@media-matters.net, 
SugarAGR, Ralph, Chiodo, Active Green + Ross, petersteele@activegreenross.com, 
sugarcane, Jason, Green, , info@intelestream.net, 
sugardemo, Sugar, SEs, , systems@sugarcrm.com, 
SugarEntEval, SugarCRM, Sales, SugarCRM, sales@sugarcrm.com, 
sugarfn, mylo, , , fn@microcreditmarketplace.com, 
sugarmigratetest10, Sugar, Migrate, , jnassi@nassi.org, 
sugarmigratetest5, Sugar, Migrate, , jnassi@gmail.com, 
sugarmigratetest6, Sugar, Migrate, , jnassi@gmail.com, 
sugarmigratetest7, Sugar, Migrate, , jnassi@gmail.com, 
Suka, Abdul, Raaj, Suka Heating and Control Systems, abdul@suka.ie, 
sunnydrubhra, Sunny, Drubhra, , s.drubhra@jbw.co.uk, 
SV_CRM, G?ran, Sk?ldberg, SystemVision, info@systemvision.se, 
swarren, Shelly, Warren, , swarren@directpointe.com, 
Sweaty, Aaron, Swetnam, , aswetnam@ittoolbox.com, 
swrecruiter, Matthew, Allen, Verticalmove, Inc., matthew@verticalmove.com, 
SWu, Susan, Wu, , swu@crv.com, 
syn@q, Yossi, Hasson, SYNAQ (Pty) LTD, info@synaq.com, 
systemspecs, Joseph, Ogiolu, , ogiolu@systemspecs.com.ng, 
t8account, Abdullah, Al-Sohel, T8DESIGN, sohel@t8design.com, 
tammya, Tammy, Adler, QWANtify, Inc., tammy@qwantify.com, 
tarunabhichandani, Tarun, Abhichandani, Riviera Partners, tarun28@hotmail.com, 
tbeard, Julie, Stelzner, Champion Logistics Group, julluc@champlop.com, 
tdsouza, Trevor, D'Souza, , tdsouza@nextag.com, 
tdurden, Tyler, Durden, SugarCRM, Inc, systems@sugarcrm.com, 
teamcmi, Elaine, Mendoza, Conceptual MindWorks, Inc., mdelossantos@teamcmi.com, 
teamstaff, Greg, Haygood, TeamStaff Inc, greg.haygood@teamstaff.com, 
techexchange, techexchange, , , awc@caughtincrossfire.com, 
Telien lo, lanlo, , , lanlo@just.edu.tw, 
temtemcc, bryan, smith, , admin@abc9online.net, 
terrafinance, Birkner, Falk, Collax GmbH, falkb@collax.com, 
thanateros, Shawn, Pennington, Edison Automation Inc., spennington@edisonautomation.com, 
thebillmann, William, Mann, , bill@thebenefitsoffice.com, 
TheChef, Rehan, Shirwani, , rehan1@hotmail.com, 
thfrench, Tom, French, youDevise Ltd, tom.french@youdevise.com, 
Thomas Shreve, Michael, Lonski, Allegro Consultants, Ltd., mlonski@allegroconsultants.com, 
tim.roe, Tim, Roe, , tim@e-rm.co.uk, 
timalexander, Timothy, Alexander, Thomson Reuters, tim.alexander@thomsonreuters.com, 
Timmermann, Bernd, Timmermann, TSE GmbH, bernd.timmermann@tse-informatik.de, 
tlchan, Tony, Chan, , tony.l.chan@intel.com, 
TLGllc, Robert, Hodgin, THe LEAN Group, LLC, bhodgin@drsearslean.com, 
TMcKean, Tina, McKean, Ameritherm, tmckean@ameritherm.com, 
tmhoist, Michael, Mendoza, Trademark Hoist & Crane, sales@trademark-hoist.com, 
tobias.k, Tobias, Kruessmann, , tobias.kruessmann@iona.com, 
tokimura76, Tek, Okimura, , tokimura@gmail.com, 
TomSpol, Thomas, Spol, Gurry and Associates Inc, tom_spol@yahoo.com, 
tony.parsonage, Tony, Parsonage, Apex IT, tony.parsonage@interprise.co.uk, 
tooshel2, Sheldon, McGee, , sheldon@mcgee.net, 
totten, Tim, Otten, , totten@benton-consulting.com, 
touchstone, David, Gutzke, Touchstone Investment Consultants, LLC, dgutzke@ticllc.com, 
tpomroy, tpomroy, , , tpomroy@q-industries.com, 
tranic, A, St.John Cameron, Tranic Franchising Limited, scameron@tranic.com, 
TRAVAUX, TRAVAUX, , , travauxpartner@synolia.com, 
Travers, Travers, Hough, The Logical Choice, Inc., SugarCRM@LogicalChoice.net, 
trevi, Ermin, Trevisan, Whitestein Technologies AG, ermin.trevisan@whitestein.com, 
trevynmeyer, Trevyn, Meyer, eSource, trevyn@esourcehome.com, 
tribich, Tim, , , tribich@ittoolbox.com, 
triteldon, Don, Annas, , dannas@triadtelecom.com, 
Trogdon, BT, , , btrogdon@firstsemantic.com, 
trouwartikelen, Stefan, Meijer, BTC, sales@trouwartikelen.nl, 
truss70, Thomas, Russ, , thomas.russ@infonova.com, 
tshrouf, Tracy, Shrouf, QualitySmith, tracy.shrouf@qualitysmith.com, 
tspycher, Thomas, Spycher, , tspycher@zero-one.ch, 
ttaylor, Trudy, Taylor, , taylor@askpowers.com, 
tteeter, Tim, Teeter, , tteeter@getyin.com, 
UCLY, SYNOLIA, , , ucly@synolia.com, 
uswcc, Terry, Williams, U.S. Women's Chamber of Commerce, terry@uswcc.org, 
utsuevalve, utsuevalve, msakai, Utsue Valve Service Co., Ltd., sakai.masahiro@utevs.co.jp, 
UTTSCHEID, UTTSCHEID, , , uttscheid@yahoo.fr, 
vanita suzanne, vanita, , , vanita@sita.com.my, 
vansugarpro, Sergio, Pontrelli, VoiceAge Networks, sergio.pontrelli@voiceagenetworks.com, 
vanunnik, Jacqueline, en, , van.unnik@imn.nl, 
vdplvm, CHAMPAGNE, Benjamin, VDP, champagne@vitrinemedia.com, 
velotonahlen001, Markus, Haastert, veloton Braunsmann / Haastert oHG, n.akcaoglu@veloton.com, 
Venkatramani, Narendra, Venkatramani, Mobius Knowledge Services, venky@mobiusservices.com, 
ventrac, Shawn, Nolt, Venture Products, Inc., tech@ventrac.com, 
versia, Nuria, Mosteiro De Toro, Grupo Versia, nuria.mosteiro@grupoversia.com, 
Vibes Interactive, Sarah, Rooth, Vibes Interactive, srooth@resortvacationnetwork.com, 
vinceblogg, Vince, Blogg, , crm@hubstone.co.uk, 
virtronix, William, Twibill, Virtronix, bill.twibill@virtronix.co.uk, 
Visix, Christy, Greer, Visix, Inc., cgreer@visix.com, 
Vistagy, Robert, Hoffman, , anil@sugarcrm.com, 
Vito1, Kevin, Burton, Tailrank Inc, burton@spinn3r.com, 
vlab2000, Vlad, Bistriceanu, Centro, vlad.bistriceanu@gmail.com, 
vladimir.markovic, Vladimir, Markovic, , vladimir.markovic@pstech.rs, 
volkerink, Jeroen, Volkerink, , bart@outdare.nl, 
voxteneo, Francois, Dupont, Vox Teneo scrl, inform@voxteneo.com, 
walterw, Wyatt, Walter, , wyatt@datasyncorp.com, 
warren.selby@rig.net, Warren, Selby, , warren.selby@rig.net, 
waterboy, bob, mackenzie, team mackenzie, bob@bobmackenzie.com, 
wayne.wilson, Wayne, Wilson, , wwilson@scsolutionsinc.com, 
wcrosby, Walter, Crosby, , Walt.Crosby@everydaywireless.com, 
WebDynamite, Georg, Schoepf, WebDynamite IT Solutions GmbH, office@webdynamite.com, 
webmastercst, CST, Webmaster, , webmaster-cst@state.gov, 
webpassinc, Charles, Barr, Webpass Inc, charles@web-pass.com, 
webwise, WebWise, , WebWise Design & Marketing, support@webwisedesign.com, 
wendykobler, Wendy, Kobler, FISCAL Systems, wendy.kobler@fis-cal.com, 
westcorp, Colin, Westbury, West Corp Pty Ltd, cwestbury@smsetechnologies.com, 
White_Springs, White, Springs, White Springs, gary@whitesprings.co.uk, 
wiebetech, Matthew, Elledge, WiebeTech LLC, it@wiebetech.com, 
williamm, Mike, Williams, IFDS, mfwilliams@ifdsgroup.com, 
williammanning, William, Manning, , bmanning@4homemedia.com, 
wlcrocker, Willliam, Crocker, Yale School of Management, bill.crocker@yale.edu, 
wmcollax, Veith, Schörgenhummer, , info@collax.com, 
woodrow, Jason, Clarke, Crank Software Inc., test@cranksoftware.com, 
worklab, Liz, Perrott, Explain IT Pty Ltd, liz@theworklab.com.au, 
wpsnpo, Walter, Buettner, Westernacher Product & Services AG, wps@westernacher.com, 
wts, Wedad, , , wedad@01systems.net, 
wyattw, Wyatt, Walter, , wyatt@datasyncorp.com, 
Yardbarker, Ben, Koo, , beniskoo@gmail.com, 
yellowandy, Andreas, Sandberg, , asandberg@sugarcrm.com, 
yeudoi1412, David, or, , yeudoi1412@yahoo.com, 
yGuy, Michael, Pfahler, , michael.pfahler@yworks.com, 
ysham, yossi, Shamshtein, , yossi.sham@gmail.com, 
zacnutz, Andrew, van, Brave Energy Systems Pty Ltd, avandeven@braveenergy.com.au, 
zecco, Darius, Archer, , darius.crm@zecco.net, 
zphvrq, Jeff, White, , jeff.white@commodityconsultants.NET, 
Zvi.Flanders, Zvi, Flanders, , zvi@thecrmconnnection.com, 
